{
	"dodge": {
		"1": 3.45521,
		"12": 3.62797,
		"13": 3.80073,
		"14": 3.97349,
		"15": 4.14625,
		"16": 4.31901,
		"17": 4.49177,
		"18": 4.66453,
		"19": 4.83729,
		"20": 5.01005,
		"21": 5.06182,
		"22": 5.11582,
		"23": 5.17209,
		"24": 5.23071,
		"25": 5.29173,
		"26": 5.35523,
		"27": 5.42128,
		"28": 5.48995,
		"29": 5.56132,
		"30": 5.63547,
		"31": 5.71249,
		"32": 5.79246,
		"33": 5.87549,
		"34": 5.96166,
		"35": 6.05109,
		"36": 6.14387,
		"37": 6.24012,
		"38": 6.33997,
		"39": 6.44352,
		"40": 6.55091,
		"41": 6.66228,
		"42": 6.77776,
		"43": 6.8975,
		"44": 7.02165,
		"45": 7.15038,
		"46": 7.28386,
		"47": 7.42225,
		"48": 7.56575,
		"49": 7.71454,
		"50": 7.86883,
		"51": 8.02883,
		"52": 8.19476,
		"53": 8.36685,
		"54": 8.54534,
		"55": 8.73049,
		"56": 8.92256,
		"57": 9.12183,
		"58": 9.32859,
		"59": 9.54315,
		"60": 9.76582,
		"61": 9.99695,
		"62": 10.2369,
		"63": 10.486,
		"64": 10.7446,
		"65": 11.0132,
		"66": 11.2922,
		"67": 11.5821,
		"68": 11.8832,
		"69": 12.1961,
		"70": 12.5214,
		"71": 12.6386,
		"72": 12.7569,
		"73": 12.8763,
		"74": 12.9968,
		"75": 13.1185,
		"76": 13.2413,
		"77": 13.3653,
		"78": 13.4904,
		"79": 13.6167,
		"80": 13.7441,
		"81": 15.3559,
		"82": 17.1566,
		"83": 19.1685,
		"84": 21.4164,
		"85": 23.9278,
		"86": 26.7338,
		"87": 29.8688,
		"88": 33.3714,
		"89": 37.2848,
		"90": 52
	},
	"parry": {
		"1": 3.45521,
		"12": 3.62797,
		"13": 3.80073,
		"14": 3.97349,
		"15": 4.14625,
		"16": 4.31901,
		"17": 4.49177,
		"18": 4.66453,
		"19": 4.83729,
		"20": 5.01005,
		"21": 5.06182,
		"22": 5.11582,
		"23": 5.17209,
		"24": 5.23071,
		"25": 5.29173,
		"26": 5.35523,
		"27": 5.42128,
		"28": 5.48995,
		"29": 5.56132,
		"30": 5.63547,
		"31": 5.71249,
		"32": 5.79246,
		"33": 5.87549,
		"34": 5.96166,
		"35": 6.05109,
		"36": 6.14387,
		"37": 6.24012,
		"38": 6.33997,
		"39": 6.44352,
		"40": 6.55091,
		"41": 6.66228,
		"42": 6.77776,
		"43": 6.8975,
		"44": 7.02165,
		"45": 7.15038,
		"46": 7.28386,
		"47": 7.42225,
		"48": 7.56575,
		"49": 7.71454,
		"50": 7.86883,
		"51": 8.02883,
		"52": 8.19476,
		"53": 8.36685,
		"54": 8.54534,
		"55": 8.73049,
		"56": 8.92256,
		"57": 9.12183,
		"58": 9.32859,
		"59": 9.54315,
		"60": 9.76582,
		"61": 9.99695,
		"62": 10.2369,
		"63": 10.486,
		"64": 10.7446,
		"65": 11.0132,
		"66": 11.2922,
		"67": 11.5821,
		"68": 11.8832,
		"69": 12.1961,
		"70": 12.5214,
		"71": 12.6386,
		"72": 12.7569,
		"73": 12.8763,
		"74": 12.9968,
		"75": 13.1185,
		"76": 13.2413,
		"77": 13.3653,
		"78": 13.4904,
		"79": 13.6167,
		"80": 13.7441,
		"81": 15.3559,
		"82": 17.1566,
		"83": 19.1685,
		"84": 21.4164,
		"85": 23.9278,
		"86": 26.7338,
		"87": 29.8688,
		"88": 33.3714,
		"89": 37.2848,
		"90": 52
	},
	"block": {
		"1": 1.52829,
		"12": 1.6047,
		"13": 1.68112,
		"14": 1.75753,
		"15": 1.83394,
		"16": 1.91036,
		"17": 1.98677,
		"18": 2.06319,
		"19": 2.1396,
		"20": 2.21602,
		"21": 2.23892,
		"22": 2.2628,
		"23": 2.28769,
		"24": 2.31361,
		"25": 2.34061,
		"26": 2.36869,
		"27": 2.39791,
		"28": 2.42828,
		"29": 2.45985,
		"30": 2.49265,
		"31": 2.52671,
		"32": 2.56209,
		"33": 2.59881,
		"34": 2.63693,
		"35": 2.67648,
		"36": 2.71752,
		"37": 2.76009,
		"38": 2.80426,
		"39": 2.85006,
		"40": 2.89756,
		"41": 2.94682,
		"42": 2.9979,
		"43": 3.05086,
		"44": 3.10577,
		"45": 3.16271,
		"46": 3.22175,
		"47": 3.28296,
		"48": 3.34644,
		"49": 3.41225,
		"50": 3.48049,
		"51": 3.55126,
		"52": 3.62466,
		"53": 3.70077,
		"54": 3.77972,
		"55": 3.86162,
		"56": 3.94657,
		"57": 4.03471,
		"58": 4.12617,
		"59": 4.22107,
		"60": 4.31956,
		"61": 4.42179,
		"62": 4.52791,
		"63": 4.63809,
		"64": 4.7525,
		"65": 4.87131,
		"66": 4.99472,
		"67": 5.12292,
		"68": 5.25611,
		"69": 5.39452,
		"70": 5.53838,
		"71": 5.59022,
		"72": 5.64255,
		"73": 5.69537,
		"74": 5.74869,
		"75": 5.8025,
		"76": 5.85682,
		"77": 5.91164,
		"78": 5.96698,
		"79": 6.02284,
		"80": 6.07922,
		"81": 6.79211,
		"82": 7.58861,
		"83": 8.47851,
		"84": 9.47276,
		"85": 10.5836,
		"86": 11.8247,
		"87": 13.2114,
		"88": 14.7606,
		"89": 16.4916,
		"90": 23.0003
	},
	"haste": {
		"1": 3.05653,
		"12": 3.20936,
		"13": 3.36218,
		"14": 3.51501,
		"15": 3.66784,
		"16": 3.82066,
		"17": 3.97349,
		"18": 4.12632,
		"19": 4.27914,
		"20": 4.43197,
		"21": 4.47777,
		"22": 4.52553,
		"23": 4.57531,
		"24": 4.62716,
		"25": 4.68115,
		"26": 4.73732,
		"27": 4.79575,
		"28": 4.85649,
		"29": 4.91963,
		"30": 4.98522,
		"31": 5.05336,
		"32": 5.1241,
		"33": 5.19755,
		"34": 5.27378,
		"35": 5.35288,
		"36": 5.43496,
		"37": 5.52011,
		"38": 5.60843,
		"39": 5.70004,
		"40": 5.79504,
		"41": 5.89355,
		"42": 5.99571,
		"43": 6.10163,
		"44": 6.21146,
		"45": 6.32534,
		"46": 6.44341,
		"47": 6.56584,
		"48": 6.69278,
		"49": 6.8244,
		"50": 6.96089,
		"51": 7.10243,
		"52": 7.24921,
		"53": 7.40144,
		"54": 7.55934,
		"55": 7.72313,
		"56": 7.89303,
		"57": 8.06931,
		"58": 8.25222,
		"59": 8.44202,
		"60": 8.639,
		"61": 8.84345,
		"62": 9.0557,
		"63": 9.27605,
		"64": 9.50486,
		"65": 9.74248,
		"66": 9.98929,
		"67": 10.2457,
		"68": 10.5121,
		"69": 10.7889,
		"70": 11.0766,
		"71": 11.1803,
		"72": 11.2849,
		"73": 11.3906,
		"74": 11.4972,
		"75": 11.6048,
		"76": 11.7135,
		"77": 11.8231,
		"78": 11.9338,
		"79": 12.0455,
		"80": 12.1583,
		"81": 13.584,
		"82": 15.177,
		"83": 16.9568,
		"84": 18.9452,
		"85": 21.1669,
		"86": 23.6491,
		"87": 26.4224,
		"88": 29.5209,
		"89": 32.9827,
		"90": 46
	},
	"crit": {
		"1": 2.92364,
		"12": 3.06982,
		"13": 3.216,
		"14": 3.36218,
		"15": 3.50837,
		"16": 3.65455,
		"17": 3.80073,
		"18": 3.94691,
		"19": 4.09309,
		"20": 4.23928,
		"21": 4.28308,
		"22": 4.32877,
		"23": 4.37638,
		"24": 4.42598,
		"25": 4.47762,
		"26": 4.53135,
		"27": 4.58724,
		"28": 4.64534,
		"29": 4.70573,
		"30": 4.76848,
		"31": 4.83364,
		"32": 4.90132,
		"33": 4.97157,
		"34": 5.04448,
		"35": 5.12015,
		"36": 5.19866,
		"37": 5.28011,
		"38": 5.36459,
		"39": 5.45221,
		"40": 5.54308,
		"41": 5.63731,
		"42": 5.73502,
		"43": 5.83634,
		"44": 5.9414,
		"45": 6.05032,
		"46": 6.16326,
		"47": 6.28036,
		"48": 6.40178,
		"49": 6.52769,
		"50": 6.65824,
		"51": 6.79362,
		"52": 6.93403,
		"53": 7.07964,
		"54": 7.23067,
		"55": 7.38734,
		"56": 7.54986,
		"57": 7.71847,
		"58": 7.89342,
		"59": 8.07497,
		"60": 8.26339,
		"61": 8.45896,
		"62": 8.66197,
		"63": 8.87275,
		"64": 9.09161,
		"65": 9.3189,
		"66": 9.55498,
		"67": 9.80022,
		"68": 10.055,
		"69": 10.3198,
		"70": 10.595,
		"71": 10.6942,
		"72": 10.7943,
		"73": 10.8953,
		"74": 10.9973,
		"75": 11.1003,
		"76": 11.2042,
		"77": 11.3091,
		"78": 11.4149,
		"79": 11.5218,
		"80": 11.6296,
		"81": 12.9934,
		"82": 14.5171,
		"83": 16.2195,
		"84": 18.1215,
		"85": 20.2466,
		"86": 22.6209,
		"87": 25.2736,
		"88": 28.2373,
		"89": 31.5487,
		"90": 44
	},
	"versatility": {
		"1": 3.5881,
		"12": 3.76751,
		"13": 3.94691,
		"14": 4.12632,
		"15": 4.30572,
		"16": 4.48513,
		"17": 4.66453,
		"18": 4.84394,
		"19": 5.02334,
		"20": 5.20275,
		"21": 5.25651,
		"22": 5.31258,
		"23": 5.37102,
		"24": 5.43189,
		"25": 5.49526,
		"26": 5.5612,
		"27": 5.62979,
		"28": 5.7011,
		"29": 5.77522,
		"30": 5.85222,
		"31": 5.9322,
		"32": 6.01525,
		"33": 6.10147,
		"34": 6.19096,
		"35": 6.28382,
		"36": 6.38017,
		"37": 6.48013,
		"38": 6.58381,
		"39": 6.69135,
		"40": 6.80287,
		"41": 6.91852,
		"42": 7.03844,
		"43": 7.16279,
		"44": 7.29172,
		"45": 7.4254,
		"46": 7.564,
		"47": 7.70772,
		"48": 7.85674,
		"49": 8.01125,
		"50": 8.17148,
		"51": 8.33763,
		"52": 8.50994,
		"53": 8.68865,
		"54": 8.87401,
		"55": 9.06628,
		"56": 9.26574,
		"57": 9.47267,
		"58": 9.68738,
		"59": 9.91019,
		"60": 10.1414,
		"61": 10.3814,
		"62": 10.6306,
		"63": 10.8893,
		"64": 11.1579,
		"65": 11.4368,
		"66": 11.7266,
		"67": 12.0275,
		"68": 12.3403,
		"69": 12.6652,
		"70": 13.003,
		"71": 13.1247,
		"72": 13.2475,
		"73": 13.3715,
		"74": 13.4967,
		"75": 13.6231,
		"76": 13.7506,
		"77": 13.8793,
		"78": 14.0092,